IncomeLevel,Avg_Donation,Avg_Interactions,Avg_Response_Rate,Engaged_Count,Total_Donors,Engagement_Rate
High,548.9078308857142,4.595238095238095,0.4002482787142857,30,42,0.7142857142857143
Low,477.81139146058825,5.5588235294117645,0.46095981461764707,24,34,0.7058823529411765
Medium,538.046706975,4.583333333333333,0.513582227875,15,24,0.625
